{
    "train_g_losses": [
        2.2956743670834436,
        2.095033927096261,
        2.7391256358888416,
        3.2619784904850855,
        3.242402103212145,
        2.8211972448560925,
        2.1139618439806833,
        1.650830818547143,
        1.3479335324631796,
        1.1618637931015756,
        1.026646324329906,
        0.9665935867362552,
        0.9162233546376228,
        0.8375453791684575,
        0.7925313744280074,
        0.74983478585879,
        0.7400537174608972,
        0.7346041773756345,
        0.7310884768764178,
        0.7210081153445773,
        0.7192200331224335,
        0.7278453608353933,
        0.7179262720876269,
        0.666326868451304,
        0.6427265206972758,
        0.6314502701991134,
        0.632849633279774,
        0.6106950520641274,
        0.5720790276924769,
        0.5415832983950774,
        0.5255380351510313,
        0.5242482105063068,
        0.5057577879892455,
        0.5137308223379983,
        0.5151465448240439,
        0.4725716772178809,
        0.44525340841048294,
        0.433658173514737,
        0.4342836292667521,
        0.4169597236646546,
        0.40905808388359016,
        0.4538663278023402,
        0.4675249287651645,
        0.4975998033252027
    ],
    "train_d_losses": [
        0.9797137354811033,
        1.354444882935948,
        2.683455659283532,
        3.9604636861218347,
        4.3460798263549805,
        3.8327921165360346,
        2.7323761185010276,
        1.947759250799815,
        1.4055078658792708,
        1.0371812557180722,
        0.7945116990142398,
        0.675870714088281,
        0.6291250156031715,
        0.6088383843501409,
        0.6325574674540095,
        0.6708484126461877,
        0.7370256144139502,
        0.8677930384874344,
        1.011233305765523,
        1.0646893663538828,
        1.1695570399363835,
        1.1851310547855165,
        1.212038376265102,
        1.1156130118502512,
        0.978077565630277,
        0.9908444376455413,
        0.9822315358453326,
        0.9530198474725088,
        0.8583274665806029,
        0.8697590687208705,
        0.9059708896610472,
        0.963907095293204,
        0.8802913477023443,
        0.8612276655104425,
        0.8956478262941042,
        0.8347937183247672,
        0.8013858050107956,
        0.7829007158676783,
        0.7723374780681398,
        0.8377830700741874,
        0.8217204941643609,
        0.9977037219537629,
        1.1415855818324618,
        1.2030026134517458
    ],
    "val_metrics": [
        {
            "mel_error": 0.06675774802764257
        },
        {
            "mel_error": 0.035727786272764205
        },
        {
            "mel_error": 0.026378796249628068
        },
        {
            "mel_error": 0.021768903483947118
        },
        {
            "mel_error": 0.02064806893467903
        },
        {
            "mel_error": 0.02018761100868384
        },
        {
            "mel_error": 0.019668367132544516
        },
        {
            "mel_error": 0.0192782378445069
        },
        {
            "mel_error": 0.019132310648759206
        },
        {
            "mel_error": 0.019046881546576817
        },
        {
            "mel_error": 0.019143523648381233
        },
        {
            "mel_error": 0.018911571552356083
        },
        {
            "mel_error": 0.018740775436162947
        },
        {
            "mel_error": 0.01877375431358814
        },
        {
            "mel_error": 0.018857605879505475
        },
        {
            "mel_error": 0.018609513466556867
        },
        {
            "mel_error": 0.018594970057408015
        },
        {
            "mel_error": 0.018688505267103514
        },
        {
            "mel_error": 0.018825054417053858
        },
        {
            "mel_error": 0.018718669066826503
        },
        {
            "mel_error": 0.018695352599024773
        },
        {
            "mel_error": 0.018402247875928878
        },
        {
            "mel_error": 0.01827784664928913
        },
        {
            "mel_error": 0.01853975517054399
        },
        {
            "mel_error": 0.018581406151254972
        },
        {
            "mel_error": 0.018405374512076376
        },
        {
            "mel_error": 0.018451549112796783
        },
        {
            "mel_error": 0.018504006788134575
        },
        {
            "mel_error": 0.01860430824259917
        },
        {
            "mel_error": 0.018523496016860007
        },
        {
            "mel_error": 0.01841554306447506
        },
        {
            "mel_error": 0.018448836480577786
        },
        {
            "mel_error": 0.01858756604293982
        },
        {
            "mel_error": 0.018367085233330728
        },
        {
            "mel_error": 0.018454002340634663
        },
        {
            "mel_error": 0.018331407134731612
        },
        {
            "mel_error": 0.018458281892041364
        },
        {
            "mel_error": 0.018348986531297365
        },
        {
            "mel_error": 0.0186159444351991
        },
        {
            "mel_error": 0.018611914291977883
        },
        {
            "mel_error": 0.018438564240932466
        },
        {
            "mel_error": 0.018285938973228135
        },
        {
            "mel_error": 0.018421993032097815
        },
        {
            "mel_error": 0.018350851659973463
        }
    ]
}