{"train_losses": [2.4649334563129752, 0.5494770810625257, 0.41581394435209634, 0.38395429102803125, 0.35946274769200376, 0.34274436665709906, 0.33148210050438986, 0.3191342964856582, 0.30969230028299183, 0.30056526626531893], "val_losses": [0.5416753645600944, 0.4134839035313705, 0.37567489722679404, 0.35972526340649047, 0.3376821920789521, 0.3249376958814161, 0.31623157550548686, 0.30483048866535056, 0.2924998238168914, 0.2825435210918558]}